Hopted ID,ASIN,SKU,FNSKU,Product name,Store name,Inventory age snapshot date,FBA fulfillable quantity,FBA inbound receiving quantity,FBA inbound shipped quantity,Reserved FC Transfer,Reserved FC Processing,Units shipped last 7 days,Units shipped last 30 days,Days of supply,FBA inbound working quantity,FBA reserved quantity,FBA total quantity
hpt_00001,B08WY6U14I,SKU-1,B08WY6U14I,W SS+Sox Black XS,MR EQUIPP,07.10.2026,0,0,0,0,0,0,0,366,0,0,0
hpt_00002,B0Q3KMKZJ9,SKU-2,B0Q3KMKZJ9,W SS+Sox Black S,MR EQUIPP,06.10.2026,39,0,0,0,0,19,63,366,0,0,39
hpt_00003,B0M9QH4F4W,SKU-3,B0M9QH4F4W,W SS+Sox Black M,World Sports Fanatics,05.10.2026,192,0,0,0,0,15,64,366,0,0,192
hpt_00004,B0WPSJRNI9,SKU-4,B0WPSJRNI9,W SS+Sox Black L,eLeaf,07.10.2026,0,0,0,0,0,23,106,366,0,0,0
hpt_00005,B0W3XFTJ85,SKU-5,B0W3XFTJ85,W SS+Sox Black XL,SPORTACUS,07.10.2026,0,0,0,0,0,23,78,366,0,0,0
hpt_00006,B0T0SW5YNX,SKU-6,B0T0SW5YNX,W SS+Sox Navy XS,SPO MERINO-TECH,05.10.2026,219,0,0,0,0,12,73,366,0,0,219
hpt_00007,B0ONU9OVPV,SKU-7,B0ONU9OVPV,W SS+Sox Navy S,SPO MERINO-TECH,07.10.2026,0,0,0,0,0,0,0,366,0,0,0
hpt_00008,B0O3DO88HA,SKU-8,B0O3DO88HA,W SS+Sox Navy M,World Sports Fanatics,05.10.2026,0,0,0,0,0,0,0,366,0,0,0
hpt_00009,B0R8V68UKF,SKU-9,B0R8V68UKF,W SS+Sox Navy L,World Sports Fanatics,05.10.2026,204,0,0,0,0,12,68,366,0,0,204
hpt_00010,B0XVUCN9OH,SKU-10,B0XVUCN9OH,W SS+Sox Navy XL,eLeaf,07.10.2026,0,0,0,0,0,0,0,366,0,0,0
hpt_00011,B0Q1BAZN2B,SKU-11,B0Q1BAZN2B,W SS+Sox Grey XS,eLeaf,06.10.2026,240,0,0,0,0,18,80,366,0,0,240
hpt_00012,B05YMCVKY5,SKU-12,B05YMCVKY5,W SS+Sox Grey S,eLeaf,05.10.2026,6,0,142,0,0,16,95,366,0,0,148
hpt_00013,B0LAU103XE,SKU-13,B0LAU103XE,W SS+Sox Grey M,MR EQUIPP,05.10.2026,0,0,0,0,0,0,0,366,0,0,0
hpt_00014,B0SD0IIGH6,SKU-14,B0SD0IIGH6,W SS+Sox Grey L,World Sports Fanatics,06.10.2026,120,0,0,0,0,10,40,366,0,0,120
hpt_00015,B0EJD8HQH9,SKU-15,B0EJD8HQH9,W SS+Sox Grey XL,eLeaf,05.10.2026,0,0,0,0,0,0,0,366,0,0,0
hpt_00016,B0P85NOZ7D,SKU-16,B0P85NOZ7D,W SS+Sox Burgundy XS,MR EQUIPP,05.10.2026,42,0,0,0,0,12,67,366,0,0,42
hpt_00017,B0YYLZEW78,SKU-17,B0YYLZEW78,W SS+Sox Burgundy S,SPO MERINO-TECH,07.10.2026,1,0,42,0,0,4,28,366,0,0,43
hpt_00018,B0634VE0V6,SKU-18,B0634VE0V6,W SS+Sox Burgundy M,MR EQUIPP,06.10.2026,0,0,0,0,0,16,48,366,0,0,0
hpt_00019,B0IWOWDG0C,SKU-19,B0IWOWDG0C,W SS+Sox Burgundy L,SPORTACUS,05.10.2026,0,0,0,0,0,28,98,366,0,0,0
hpt_00020,B06Y2056S3,SKU-20,B06Y2056S3,W SS+Sox Burgundy XL,MR EQUIPP,07.10.2026,162,0,0,0,0,10,54,366,0,0,162
hpt_00021,B08G8UIBLV,SKU-21,B08G8UIBLV,Mens SS Black XS,World Sports Fanatics,05.10.2026,21,0,0,0,0,1,7,366,0,0,21
hpt_00022,B0TX3PXHVI,SKU-22,B0TX3PXHVI,Mens SS Black S,World Sports Fanatics,05.10.2026,96,0,0,0,0,10,32,366,0,0,96
hpt_00023,B0ABUM4LFE,SKU-23,B0ABUM4LFE,Mens SS Black M,MR EQUIPP,07.10.2026,123,0,0,0,0,13,41,366,0,0,123
hpt_00024,B0E3115RHV,SKU-24,B0E3115RHV,Mens SS Black L,SPORTACUS,06.10.2026,0,0,0,0,0,26,96,366,0,0,0
hpt_00025,B063Y2NLDZ,SKU-25,B063Y2NLDZ,Mens SS Black XL,MR EQUIPP,06.10.2026,69,0,0,0,0,3,23,366,0,0,69
hpt_00026,B0HFUW86NF,SKU-26,B0HFUW86NF,Mens SS Navy XS,World Sports Fanatics,07.10.2026,0,0,0,0,0,16,73,366,0,0,0
hpt_00027,B0GXY3SNLN,SKU-27,B0GXY3SNLN,Mens SS Navy S,eLeaf,06.10.2026,0,0,0,0,0,6,33,366,0,0,0
hpt_00028,B0CM11U5KF,SKU-28,B0CM11U5KF,Mens SS Navy M,MR EQUIPP,07.10.2026,186,0,0,0,0,10,62,366,0,0,186
hpt_00029,B0060J4L13,SKU-29,B0060J4L13,Mens SS Navy L,SPO MERINO-TECH,07.10.2026,165,0,0,0,0,17,55,366,0,0,165
hpt_00030,B0ZQDX0C1T,SKU-30,B0ZQDX0C1T,Mens SS Navy XL,World Sports Fanatics,05.10.2026,264,0,0,0,0,21,88,366,0,0,264
hpt_00031,B03GKJ0TH0,SKU-31,B03GKJ0TH0,Mens SS Olive XS,MR EQUIPP,07.10.2026,0,0,0,0,0,0,0,366,0,0,0
hpt_00032,B0ZO9W724D,SKU-32,B0ZO9W724D,Mens SS Olive S,eLeaf,05.10.2026,0,0,0,0,0,8,27,366,0,0,0
hpt_00033,B0LZHQFNMP,SKU-33,B0LZHQFNMP,Mens SS Olive M,eLeaf,07.10.2026,42,0,0,0,0,14,67,366,0,0,42
hpt_00034,B0Z1NB3J7N,SKU-34,B0Z1NB3J7N,Mens SS Olive L,SPO MERINO-TECH,05.10.2026,7,0,166,0,0,18,111,366,0,0,173
hpt_00035,B063N7JEPD,SKU-35,B063N7JEPD,Mens SS Olive XL,eLeaf,05.10.2026,75,0,0,0,0,6,25,366,0,0,75
hpt_00036,B014GQ61H4,SKU-36,B014GQ61H4,Underwear Mens Black XS,SPO MERINO-TECH,07.10.2026,2,0,0,0,0,4,22,366,0,0,2
hpt_00037,B0QZIQ0C79,SKU-37,B0QZIQ0C79,Underwear Mens Black S,SPO MERINO-TECH,06.10.2026,0,0,0,0,0,7,33,366,0,0,0
hpt_00038,B0EPB9S4EG,SKU-38,B0EPB9S4EG,Underwear Mens Black M,World Sports Fanatics,07.10.2026,22,0,0,0,0,31,113,366,0,0,22
hpt_00039,B0JS2K3SZW,SKU-39,B0JS2K3SZW,Underwear Mens Black L,SPORTACUS,07.10.2026,0,0,0,0,0,0,0,366,0,0,0
hpt_00040,B0EMET987I,SKU-40,B0EMET987I,Underwear Mens Black XL,eLeaf,05.10.2026,267,0,0,0,0,21,89,366,0,0,267
hpt_00041,B02B1LMV9C,SKU-41,B02B1LMV9C,Underwear Mens Grey XS,World Sports Fanatics,05.10.2026,7,0,159,0,0,31,106,366,0,0,166
hpt_00042,B014ZK4ZY9,SKU-42,B014ZK4ZY9,Underwear Mens Grey S,SPO MERINO-TECH,05.10.2026,42,0,0,0,0,2,14,366,0,0,42
hpt_00043,B04V8L47VF,SKU-43,B04V8L47VF,Underwear Mens Grey M,World Sports Fanatics,07.10.2026,348,0,0,0,0,30,116,366,0,0,348
hpt_00044,B0KV2QZ2X3,SKU-44,B0KV2QZ2X3,Underwear Mens Grey L,MR EQUIPP,06.10.2026,15,0,0,0,0,1,5,366,0,0,15
hpt_00045,B0QYPHBTT1,SKU-45,B0QYPHBTT1,Underwear Mens Grey XL,eLeaf,06.10.2026,0,0,9,0,0,2,6,366,0,0,9
hpt_00046,B0OBZTS708,SKU-46,B0OBZTS708,W Pants Black XS,World Sports Fanatics,06.10.2026,5,0,0,0,0,1,9,366,0,0,5
hpt_00047,B0EWCT1C2V,SKU-47,B0EWCT1C2V,W Pants Black S,eLeaf,05.10.2026,318,0,0,0,0,19,106,366,0,0,318
hpt_00048,B017ZDTP3F,SKU-48,B017ZDTP3F,W Pants Black M,eLeaf,06.10.2026,3,0,70,0,0,12,47,366,0,0,73
hpt_00049,B0DUKOG07N,SKU-49,B0DUKOG07N,W Pants Black L,World Sports Fanatics,05.10.2026,0,0,0,0,0,0,0,366,0,0,0
hpt_00050,B0NN4D28Q1,SKU-50,B0NN4D28Q1,W Pants Black XL,eLeaf,06.10.2026,309,0,0,0,0,26,103,366,0,0,309
hpt_00051,B03X1YJVNP,SKU-51,B03X1YJVNP,W Pants Charcoal XS,World Sports Fanatics,06.10.2026,0,0,0,0,0,8,38,366,0,0,0
hpt_00052,B0MLQ7NIU1,SKU-52,B0MLQ7NIU1,W Pants Charcoal S,SPO MERINO-TECH,06.10.2026,129,0,0,0,0,14,43,366,0,0,129
hpt_00053,B07YECI5IL,SKU-53,B07YECI5IL,W Pants Charcoal M,World Sports Fanatics,07.10.2026,0,0,0,0,0,0,0,366,0,0,0
hpt_00054,B0R31YQ3NX,SKU-54,B0R31YQ3NX,W Pants Charcoal L,eLeaf,07.10.2026,192,0,0,0,0,19,64,366,0,0,192
hpt_00055,B0G0V3RQIC,SKU-55,B0G0V3RQIC,W Pants Charcoal XL,MR EQUIPP,05.10.2026,234,0,0,0,0,17,78,366,0,0,234
hpt_00056,B0JKRGS5WF,SKU-56,B0JKRGS5WF,Wool Hiking socks Nicole Grey XS,SPO MERINO-TECH,07.10.2026,309,0,0,0,0,19,103,366,0,0,309
hpt_00057,B0XP81NZ3H,SKU-57,B0XP81NZ3H,Wool Hiking socks Nicole Grey S,World Sports Fanatics,07.10.2026,6,0,139,0,0,22,93,366,0,0,145
hpt_00058,B0XVW21O1B,SKU-58,B0XVW21O1B,Wool Hiking socks Nicole Grey M,SPO MERINO-TECH,06.10.2026,4,0,0,0,0,2,13,366,0,0,4
hpt_00059,B0IXRE3EMG,SKU-59,B0IXRE3EMG,Wool Hiking socks Nicole Grey L,SPORTACUS,05.10.2026,21,0,0,0,0,1,7,366,0,0,21
hpt_00060,B0R4AEQFFA,SKU-60,B0R4AEQFFA,Wool Hiking socks Nicole Grey XL,World Sports Fanatics,06.10.2026,168,0,0,0,0,12,56,366,0,0,168
hpt_00061,B0Q3YFV7H6,SKU-61,B0Q3YFV7H6,Wool Hiking socks Nicole Green XS,MR EQUIPP,05.10.2026,243,0,0,0,0,21,81,366,0,0,243
hpt_00062,B0HD8B5FEJ,SKU-62,B0HD8B5FEJ,Wool Hiking socks Nicole Green S,SPO MERINO-TECH,06.10.2026,5,0,124,0,0,28,83,366,0,0,129
hpt_00063,B01X2YNUH8,SKU-63,B01X2YNUH8,Wool Hiking socks Nicole Green M,MR EQUIPP,07.10.2026,189,0,0,0,0,9,63,366,0,0,189
hpt_00064,B0YVP0481D,SKU-64,B0YVP0481D,Wool Hiking socks Nicole Green L,World Sports Fanatics,06.10.2026,204,0,0,0,0,13,68,366,0,0,204
hpt_00065,B0U7AKP60Y,SKU-65,B0U7AKP60Y,Wool Hiking socks Nicole Green XL,SPO MERINO-TECH,07.10.2026,15,0,0,0,0,1,5,366,0,0,15
hpt_dup,B08WY6U14I,SKU-dup,B08WY6U14I,W SS+Sox Black XS,MR EQUIPP,07.10.2026,0,0,0,0,0,0,0,366,0,0,0
hpt_blank,,SKU-2,B0Q3KMKZJ9,W SS+Sox Black S,MR EQUIPP,06.10.2026,39,0,0,0,0,19,63,366,0,0,39
