asin,old_asin,group_key,parent_group,category,color,size,abcd_class,active_us,plan_units_month
B08WY6U14I,,W SS+Sox|Black|XS,W SS+Sox,W,Black,XS,#N/A,true,78.0
B0Q3KMKZJ9,,W SS+Sox|Black|S,W SS+Sox,W,Black,S,AAA,true,52.0
B0M9QH4F4W,,W SS+Sox|Black|M,W SS+Sox,W,Black,M,AAA,false,3.0
B0WPSJRNI9,,W SS+Sox|Black|L,W SS+Sox,W,Black,L,#N/A,true,87.0
B0W3XFTJ85,,W SS+Sox|Black|XL,W SS+Sox,W,Black,XL,not sales,true,76.0
B0T0SW5YNX,,W SS+Sox|Navy|XS,W SS+Sox,W,Navy,XS,AAA,true,59.0
B0ONU9OVPV,,W SS+Sox|Navy|S,W SS+Sox,W,Navy,S,AAA,true,60.0
B0O3DO88HA,,W SS+Sox|Navy|M,W SS+Sox,W,Navy,M,,true,44.0
B0R8V68UKF,,W SS+Sox|Navy|L,W SS+Sox,W,Navy,L,,true,83.0
B0XVUCN9OH,,W SS+Sox|Navy|XL,W SS+Sox,W,Navy,XL,#N/A,false,87.0
B0Q1BAZN2B,,W SS+Sox|Grey|XS,W SS+Sox,W,Grey,XS,AAA,true,87.0
B05YMCVKY5,,W SS+Sox|Grey|S,W SS+Sox,W,Grey,S,#N/A,true,47.0
B0LAU103XE,,W SS+Sox|Grey|M,W SS+Sox,W,Grey,M,not sales,true,73.0
B0SD0IIGH6,,W SS+Sox|Grey|L,W SS+Sox,W,Grey,L,#N/A,true,35.0
B0EJD8HQH9,,W SS+Sox|Grey|XL,W SS+Sox,W,Grey,XL,not sales,true,46.0
B0P85NOZ7D,,W SS+Sox|Burgundy|XS,W SS+Sox,W,Burgundy,XS,#N/A,true,14.0
B0YYLZEW78,,W SS+Sox|Burgundy|S,W SS+Sox,W,Burgundy,S,,true,35.0
B0634VE0V6,,W SS+Sox|Burgundy|M,W SS+Sox,W,Burgundy,M,AAA,true,41.0
B0IWOWDG0C,,W SS+Sox|Burgundy|L,W SS+Sox,W,Burgundy,L,#N/A,true,68.0
B06Y2056S3,,W SS+Sox|Burgundy|XL,W SS+Sox,W,Burgundy,XL,not sales,false,15.0
B08G8UIBLV,,Mens SS|Black|XS,Mens SS,Mens,Black,XS,#N/A,true,61.0
B0TX3PXHVI,,Mens SS|Black|S,Mens SS,Mens,Black,S,#N/A,true,33.0
B0ABUM4LFE,,Mens SS|Black|M,Mens SS,Mens,Black,M,#N/A,true,71.0
B0E3115RHV,,Mens SS|Black|L,Mens SS,Mens,Black,L,AAA,true,23.0
B063Y2NLDZ,,Mens SS|Black|XL,Mens SS,Mens,Black,XL,AAA,true,80.0
B0HFUW86NF,,Mens SS|Navy|XS,Mens SS,Mens,Navy,XS,#N/A,true,89.0
B0GXY3SNLN,,Mens SS|Navy|S,Mens SS,Mens,Navy,S,#N/A,true,19.0
B0CM11U5KF,,Mens SS|Navy|M,Mens SS,Mens,Navy,M,#N/A,true,81.0
B0060J4L13,,Mens SS|Navy|L,Mens SS,Mens,Navy,L,not sales,true,16.0
B0ZQDX0C1T,,Mens SS|Navy|XL,Mens SS,Mens,Navy,XL,not sales,true,30.0
B03GKJ0TH0,,Mens SS|Olive|XS,Mens SS,Mens,Olive,XS,AAA,true,11.0
B0ZO9W724D,,Mens SS|Olive|S,Mens SS,Mens,Olive,S,,true,28.0
B0LZHQFNMP,,Mens SS|Olive|M,Mens SS,Mens,Olive,M,#N/A,false,75.0
B0Z1NB3J7N,,Mens SS|Olive|L,Mens SS,Mens,Olive,L,#N/A,true,2.0
B063N7JEPD,,Mens SS|Olive|XL,Mens SS,Mens,Olive,XL,#N/A,true,10.0
B014GQ61H4,,Underwear Mens|Black|XS,Underwear Mens,Underwear,Black,XS,,true,23.0
B0QZIQ0C79,,Underwear Mens|Black|S,Underwear Mens,Underwear,Black,S,#N/A,true,82.0
B0EPB9S4EG,,Underwear Mens|Black|M,Underwear Mens,Underwear,Black,M,#N/A,true,54.0
B0JS2K3SZW,,Underwear Mens|Black|L,Underwear Mens,Underwear,Black,L,not sales,true,35.0
B0EMET987I,,Underwear Mens|Black|XL,Underwear Mens,Underwear,Black,XL,#N/A,true,74.0
B02B1LMV9C,,Underwear Mens|Grey|XS,Underwear Mens,Underwear,Grey,XS,not sales,true,41.0
B014ZK4ZY9,,Underwear Mens|Grey|S,Underwear Mens,Underwear,Grey,S,,true,29.0
B04V8L47VF,,Underwear Mens|Grey|M,Underwear Mens,Underwear,Grey,M,#N/A,true,8.0
B0KV2QZ2X3,,Underwear Mens|Grey|L,Underwear Mens,Underwear,Grey,L,not sales,true,20.0
B0QYPHBTT1,,Underwear Mens|Grey|XL,Underwear Mens,Underwear,Grey,XL,,true,65.0
B0OBZTS708,,W Pants|Black|XS,W Pants,W,Black,XS,#N/A,true,36.0
B0EWCT1C2V,,W Pants|Black|S,W Pants,W,Black,S,#N/A,true,17.0
B017ZDTP3F,,W Pants|Black|M,W Pants,W,Black,M,AAA,true,3.0
B0DUKOG07N,,W Pants|Black|L,W Pants,W,Black,L,#N/A,true,67.0
B0NN4D28Q1,,W Pants|Black|XL,W Pants,W,Black,XL,,false,63.0
B03X1YJVNP,,W Pants|Charcoal|XS,W Pants,W,Charcoal,XS,#N/A,true,26.0
B0MLQ7NIU1,,W Pants|Charcoal|S,W Pants,W,Charcoal,S,not sales,true,76.0
B07YECI5IL,,W Pants|Charcoal|M,W Pants,W,Charcoal,M,#N/A,true,17.0
B0R31YQ3NX,,W Pants|Charcoal|L,W Pants,W,Charcoal,L,AAA,true,47.0
B0G0V3RQIC,,W Pants|Charcoal|XL,W Pants,W,Charcoal,XL,AAA,true,22.0
B0JKRGS5WF,,Wool Hiking socks Nicole|Grey|XS,Wool Hiking socks Nicole,Wool,Grey,XS,#N/A,true,31.0
B0XP81NZ3H,,Wool Hiking socks Nicole|Grey|S,Wool Hiking socks Nicole,Wool,Grey,S,#N/A,true,28.0
B0XVW21O1B,,Wool Hiking socks Nicole|Grey|M,Wool Hiking socks Nicole,Wool,Grey,M,#N/A,true,81.0
B0IXRE3EMG,,Wool Hiking socks Nicole|Grey|L,Wool Hiking socks Nicole,Wool,Grey,L,not sales,true,86.0
B0R4AEQFFA,,Wool Hiking socks Nicole|Grey|XL,Wool Hiking socks Nicole,Wool,Grey,XL,#N/A,true,45.0
B0Q3YFV7H6,,Wool Hiking socks Nicole|Green|XS,Wool Hiking socks Nicole,Wool,Green,XS,#N/A,true,4.0
B0HD8B5FEJ,,Wool Hiking socks Nicole|Green|S,Wool Hiking socks Nicole,Wool,Green,S,#N/A,false,76.0
B01X2YNUH8,,Wool Hiking socks Nicole|Green|M,Wool Hiking socks Nicole,Wool,Green,M,,true,30.0
B0YVP0481D,,Wool Hiking socks Nicole|Green|L,Wool Hiking socks Nicole,Wool,Green,L,#N/A,true,37.0
B0U7AKP60Y,,Wool Hiking socks Nicole|Green|XL,Wool Hiking socks Nicole,Wool,Green,XL,#N/A,true,36.0
W-SS-SX-LW-00228,,x,W SS+Sox,W,Black,M,,true,0.0
W-SS-SX-LW-00229,,x,W SS+Sox,W,Black,M,,true,0.0
W-SS-SX-LW-00230,,x,W SS+Sox,W,Black,M,,true,0.0
W-SS-SX-LW-00231,,x,W SS+Sox,W,Black,M,,true,0.0
W-SS-SX-LW-00232,,x,W SS+Sox,W,Black,M,,true,0.0
W-SS-SX-LW-00233,,x,W SS+Sox,W,Black,M,,true,0.0
