asin,awd_qty,wrh_qty
B08WY6U14I,0,0
B0Q3KMKZJ9,300,0
B0M9QH4F4W,50,500
B0WPSJRNI9,0,0
B0W3XFTJ85,0,500
B0T0SW5YNX,300,500
B0ONU9OVPV,0,500
B0O3DO88HA,50,100
B0R8V68UKF,0,0
B0XVUCN9OH,300,100
B0Q1BAZN2B,0,500
B05YMCVKY5,50,100
B0LAU103XE,0,100
B0SD0IIGH6,50,0
B0EJD8HQH9,300,100
B0P85NOZ7D,0,0
B0YYLZEW78,0,500
B0634VE0V6,300,500
B0IWOWDG0C,50,500
B06Y2056S3,0,100
B08G8UIBLV,50,100
B0TX3PXHVI,0,500
B0ABUM4LFE,300,500
B0E3115RHV,0,500
B063Y2NLDZ,300,500
B0HFUW86NF,50,0
B0GXY3SNLN,50,0
B0CM11U5KF,0,100
B0060J4L13,50,0
B0ZQDX0C1T,50,0
B03GKJ0TH0,0,0
B0ZO9W724D,0,0
B0LZHQFNMP,300,100
B0Z1NB3J7N,50,0
B063N7JEPD,0,500
B014GQ61H4,50,100
B0QZIQ0C79,0,500
B0EPB9S4EG,0,0
B0JS2K3SZW,300,100
B0EMET987I,0,100
B02B1LMV9C,0,100
B014ZK4ZY9,0,100
B04V8L47VF,0,500
B0KV2QZ2X3,0,100
B0QYPHBTT1,0,0
B0OBZTS708,0,500
B0EWCT1C2V,0,500
B017ZDTP3F,0,100
B0DUKOG07N,0,100
B0NN4D28Q1,50,500
B03X1YJVNP,300,100
B0MLQ7NIU1,0,0
B07YECI5IL,50,100
B0R31YQ3NX,50,100
B0G0V3RQIC,0,100
B0JKRGS5WF,0,500
B0XP81NZ3H,300,500
B0XVW21O1B,0,500
B0IXRE3EMG,300,100
B0R4AEQFFA,0,500
B0Q3YFV7H6,50,100
B0HD8B5FEJ,300,500
B01X2YNUH8,300,0
B0YVP0481D,0,100
B0U7AKP60Y,50,0
